-- # INSERINDO VALORES #

--TABELA OUVINTE
insert into ouvinte values
('12112112111', 'Jessica Macedo', 'Avenida Brasil', null),
('12312312322', 'Felipe Marcos', 'Rua Azul', null),
('22233355544', 'Lucas Josias', 'Rua dos Anzois', null),
('23423423433', 'Rafaela Alcantara', 'Rua Principal', null),
('34534534555', 'Antonia Ananias', 'Travessa da Pascoa', null),
('36936936933', 'Dolores Paiva', 'Rua Principal', null),
('13513513544', 'Ananias Paiva', 'Rua Azul', null),
('33344455567', 'Aroldo Filho Nobrega', 'Avenida Jose Pessoa', null),
('78978978999', 'Jeronimo Golias', 'Travessa da Pascoa', null),
('12312312312', 'George Ricardo', 'Rua dos Anzois', 1),
('11122233344', 'Ana Maria', 'Rua Azul', 2),
('44433355522', 'Ana Jessica', 'Avenida Jose Pessoa', 3),
('33433433434', 'Cleuma Pinto', 'Rua  Sgt. Muralha', 4),
('77788899900', 'Maria Das Gracas', 'Rua Azul', 5),
('24624624688', 'Januzio Carvalho', 'Rua Sgt. Muralha', 6),
('88877766655', 'Ana Maria', 'Avenida Brasil', 8),
('22233344455', 'Julia Souza', 'Rua Principal', 7),
('33344455566', 'Aroldo Nobrega', 'Avenida Jose Pessoa', 9),
('11133344455', 'Everaldo Matos', 'Travesssa da Pascoa', 10),
('11211311455', 'Marcia Gomes', 'Rua Vassouras', 11);


--TABELA APRESENTADOR
insert into apresentador values
(default, 'Cleiton Apaixonado', 'apr1@email.com.br'),
(default, 'Robson Camargo', 'apr2@email.com.br'),
(default, 'Amaro Dantas', 'apr3@email.com.br'),
(default, 'Marcela Dias', 'apr4@email.com.br'),
(default, 'Carlao do Brega', 'apr5@email.com.br'),
(default, 'Elenilson Junior', 'apr6@email.com.br'),
(default, 'Padre Josias', 'apr8@email.com.br'),
(default, 'Samara D. Rodriguez', 'apr9@email.com.br'),
(default, 'Amaral Gomes', 'apr10@email.com.br'),
(default, 'Luiza Fontes', 'apr11@email.com.br'),
(default, 'Junior Dinamite', 'apr7@email.com.br'),
(default, 'Antunes Felix', 'apr12@email.com.br'),
(default, 'Irmao Agnaldo', 'apr13@email.com.br');


--TABELA QUADRO
insert into quadro values
(default, 'santa missa', 'religioso', 'domingo', '18:00 as 19:00', '8823233232'),
(default, 'pra ficar & amar', 'musical', 'segunda e sexta', '20:00 as 22:00', '8811113333'),
(default, 'diario do meio dia', 'noticia', 'segunda a sexta', '12:00 as 13:30', '8823452345'),
(default, 'bola na rede', 'esporte', 'sabado', '12:00 as 13:30', '8822223333'),
(default, 'tarde musical', 'musical', 'quarta', '14:00 as 16:00', '8822224444'),
(default, 'manha do brega', 'musical', 'segundas e terças', '05:00 as 06:00', '8812341234'),
(default, 'especial rei do baiao', 'musical', 'quinta', '14:00 as 16:00', '8811114444'),
(default, 'bom dia com forro', 'musical', 'segunda a sexta', '08:30 as 10:00', '8833334444'),
(default, 'voce & cia', 'variedades', 'sabado', '08:00 as 10:00', '8833336666'),
(default, 'noticias da manha', 'noticia', 'segunda a sexta', '06:30 as 08:00', '8823452345'),
(default, 'especial roberto carlos', 'musical', 'domingo', '06:00 as 09:00', '8811112222'),
(default, 'horoscopo do dia', 'variedades', 'segunda a sexta', '10:30 as 11:00', '8834343434'),
(default, 'resumo da semana', 'noticia', 'domingo', '10:00 as 12:00', '8845454545');


--TABELA ARTISTA
insert into artista values
(default, 'Amado Batista', 'brega', 'contato@email.com.br',	'brasileiro'),
(default, 'Luiz Gonzaga', 'forro', 'contato2@email.com.br', 'brasileiro'),
(default, 'Chitaozinho & Chororo', 'sertanejo', 'contato1@email.com.br', 'brasileiro'),
(default, 'Joao Gomes', 'forro', 'contato3@email.com.br', 'brasileiro'),
(default, 'Rita Lee', 'rock nacional', 'contato4@email.com.br',	'brasileiro'),
(default, 'Os Mutantes', 'rock nacional', 'contato5@email.com.br', 'brasileiro'),
(default, 'Raimundos', 'rock nacional', 'contato6@email.com.br', 'brasileiro'),
(default, 'Legiao Urbana', 'rock nacional', 'contato7@email.com.br', 'brasileiro'),
(default, 'Milionario & Jose Rico', 'sertanejo', 'contato8@email.com.br', 'brasileiro'),
(default, 'Anitta', 'funk', 'contato9@email.com.br', 'brasileiro'),
(default, 'Padre Marcelo Rossi', 'gospel', 'contato10@email.com.br', 'brasileiro'),
(default, 'Roberto Carlos', 'mpb', 'contato11@email.com.br', 'brasileiro'),
(default, 'Djavan', 'mpb', 'contato12@email.com.br', 'brasileiro'),
(default, 'Caetano Veloso', 'mpb', 'contato13@email.com.br', 'brasileiro'),
(default, 'Andre Valadao', 'gospel', 'contato14@email.com.br', 'brasileiro'),
(default, 'Aline Barros', 'gospel', 'contato15@email.com.br', 'brasileiro'),
(default, 'Reginaldo Rossi', 'brega', 'contato16@email.com.br', 'brasileiro'),
(default, 'Bruno & Marrone', 'sertanejo', 'contato17@email.com.br', 'brasileiro'),
(default, 'Zeze di Camargo & Luciano', 'sertanejo', 'contato18@email.com.br', 'brasileiro'),
(default, 'Eduardo Costa', 'sertanejo', 'contato19@email.com.br', 'brasileiro'),
(default, 'Limao com Mel', 'forro', 'contato20@email.com.br', 'brasileiro'),
(default, 'Calcinha Preta', 'forro', 'contato21@email.com.br', 'brasileiro'),
(default, 'Roupa Nova', 'mpb', 'contato25@email.com.br', 'brasileiro'),
(default, 'Lionel Richie', 'r&b', 'contato2@email.com', 'norte-americano'),
(default, 'Ze Cantor', 'forro', 'contato22@email.com.br', 'brasileiro'),
(default, 'Michael Jackson', 'pop', 'contato1@email.com', 'norte-americano'),
(default, 'Justin Bieber', 'pop', 'contato3@email.com', 'norte-americano'),
(default, 'Scorpions', 'rock internacional', 'contato4@email.com', 'alemao'),
(default, 'Europe', 'rock internacional', 'contato5@email.com', 'sueco'),
(default, 'KISS', 'rock internacional', 'contato6@email.com', 'norte-americano'),
(default, 'Guns N Roses', 'rock internacional', 'contato7@email.com', 'norte-americano'),
(default, 'Marilia Mendonca', 'sertanejo', 'contato26@email.com.br', 'brasileiro'),
(default, 'Gustavo Lima', 'sertanejo', 'contato27@email.com.br', 'brasileiro'),
(default, 'Luan Santana', 'sertanejo', 'contato28@email.com.br', 'brasileiro'),
(default, 'Leo Santana', 'axe', 'contato29@email.com.br', 'brasileiro'),
(default, 'Ivete Sangalo', 'axe', 'contato30@email.com.br', 'brasileiro'),
(default, 'Claudia Leite', 'axe', 'contato31@email.com.br', 'brasileiro'),
(default, 'The Beatles', 'rock internacional', 'contato8@email.com', 'britanico'),
(default, 'Led Zeppelin', 'rock internacional', 'contato9@email.com', 'britanico'),
(default, 'Black Sabbath', 'rock internacional', 'contato10@email.com', 'britanico'),
(default, 'Avioes do Forro', 'forro', 'contato32@email.com.br', 'brasileiro'),
(default, 'Dorgival Dantas', 'forro', 'contato33@email.com.br', 'brasileiro'),
(default, 'Mastruz com Leite', 'forro', 'contato34@email.com.br', 'brasileiro');


--TABELA MUSICA
insert into musica values
(default, 'Secretaria', '2001', 'Amor...', 'brega'),
(default, 'Billie Jean', '1982', 'Thriller', 'pop'),
(default, 'Thriller', '1982', 'Thriller', 'pop'),
(default, 'Baby', '2010', 'My World 2.0', 'pop'),
(default, 'Asa Branca', '1947', 'Asa Branca', 'forro'),
(default, 'Erva Venenosa', '2000', '3001', 'rock nacional'),
(default, 'Mania de Voce', '1979', 'Rita Lee', 'rock nacional'),
(default, 'Amor e Sexo', '2003', 'Balacobaco', 'rock nacional'),
(default, 'A Minha Menina', '1969', 'Mutantes', 'rock nacional'),
(default, 'Ando Meio Desligado', '1970', 'A Divina Comedia ou Ando Meio Desligado', 'rock nacional'),
(default, 'Balada do Louco', '1972', 'Mutantes e Seus Cometas no Pais do Baurets', 'rock nacional'),
(default, 'Dont Stop Til You Get Enough', '1979', 'Off The Wall', 'pop'),
(default, 'Eu Tenho a Senha', '2021', 'Eu Tenho a Senha', 'forro'),
(default, 'Se For Amor', '2021', 'Eu Tenho a Senha', 'forro'),
(default, 'Aquelas Coisas', '2021', 'Aquelas Coisas', 'forro'),
(default, 'Onde Canta o Sabia',	'1993', 'So Pra Xamegar', 'forro'),
(default, 'Pagode Russo', '1996', 'No Forro do Gonzagao', 'forro'),
(default, 'Help!', '1965', 'Help!', 'rock internacional'),
(default, 'Here Comes The Sun', '1969', 'Abbey Road', 'rock internacional'),
(default, 'Dont Let Me Down', '1970', 'Let It Be', 'rock internacional'),
(default, 'Saga De Um Vaqueiro', '2007', 'Arrocha o No', 'forro'),
(default, 'O Cheiro de Carolina', '1956', 'Luiz Gonzaga Sua Sanfona E Sua Simpatia', 'forro'),
(default, 'Quase Fui Lhe Procurar', '1968', 'O Inimitavel', 'mpb'),
(default, 'Eu Sou Terrivel', '1967', 'Em Ritmo De Aventura', 'mpb'),
(default, 'Detalhes', '1971', 'Roberto Carlos', 'mpb'),
(default, 'A Raposa E As Uvas',	'1985', 'A Raposa E As Uvas', 'brega'),
(default, 'Garcom', '1987', 'Teu Melhor Amigo', 'brega'),
(default, 'Leviana', '1966', 'Nova Bis', 'brega');


--TABELA MUSICA_ARTISTA
insert into musica_artista values
(2, 26), (3, 26), (12, 26), (5, 2), (16, 43),
(17, 43), (21, 43), (6, 5), (7, 5), (8, 5), (9, 6),
(10, 6), (11, 6), (18, 38), (19, 38), (20, 38);


--TABELA MUSICA_PEDIDA
insert into musica_pedida values
(default, '12312312312', 2, 26, 2, 1, 1),
(default, '12312312312', 2, 26, 2, 1, 1),
(default, '12312312312', 2, 26, 2, 1, 1),
(default, '12312312312', 2, 26, 2, 1, 1),
(default, '22233344455', 5, 2, 7, 6, 10),
(default, '77788899900', 22, 2, 7, 6, 10),
(default, '77788899900', 22, 2, 7, 6, 10),
(default, '88877766655', 26, 17, 6, 5, 1),
(default, '88877766655', 27, 17, 6, 5, 1),
(default, '88877766655', 28, 17, 6, 5, 1),
(default, '11122233344', 13, 4,	8, 10, 3),
(default, '33344455566', 16, 43, 8, 10, 3),
(default, '11211311455', 17, 43, 8, 10, 3),
(default, '11211311455', 13, 4, 8, 10, 3),
(default, '11211311455', 14, 4, 8, 10, 3),
(default, '11211311455', 15, 4, 8, 10, 3),
(default, '33344455566', 23, 12, 11, 9, 1),
(default, '33344455566', 23, 12, 11, 9, 1),
(default, '11133344455', 24, 12, 11, 9, 1),
(default, '11133344455', 25, 12, 11, 9, 1),
(default, '11133344455', 25, 12, 11, 9, 1),
(default, '44433355522', 14, 4,	8, 10, 3),
(default, '33433433434', 13, 4, 8, 10, 3),
(default, '33433433434', 13, 4,	8, 10, 3),
(default, '77788899900', 22, 2, 8, 10, 5),
(default, '24624624688', 6, 5, 5, 4, 1);


--TABELA OUVINTE_NOTICIA
insert into ouvinte_noticia values
('12112112111', 3, 2),
('12312312322', 3, 2),
('12312312322', 10, 3),
('13513513544', 13, 12),
('13513513544', 10, 3),
('22233355544', 3, 2),
('33344455567', 3, 2),
('78978978999', 10, 3),
('36936936933', 13, 12),
('34534534555', 10, 3),
('23423423433', 13, 12);


--TABELA PREMIACAO
insert into premiacao values
(default, '12312312312', 4),
(default, '22233344455', 10),
(default, '11122233344', 3),
(default, '44433355522', 3),
(default, '33433433434', 6),
(default, '77788899900', 25),
(default, '24624624688', 1),
(default, '11133344455', 3),
(default, '88877766655', 3),
(default, '33344455566', 5),
(default, '11211311455', 12);


--TABELA QUADRO_APRESENTADO
insert into quadro_apresentado values
(5, 4), (7, 6), (1, 7), (10, 3), (12, 13),
(2, 1), (6, 5), (4, 11), (8, 10), (9, 8),
(3, 2), (13, 12), (11, 9);


--TABELA TELEFONE_OUVINTE
insert into telefone_ouvinte values
('1111111111', '12312312312'),
('1111111112', '12312312312'),
('2211111111', '12112112111'),
('1122222222', '22233355544'),
('1123232424', '44433355522'),
('1124242323', '44433355522'),
('3388889999', '78978978999'),
('4485859999', '77788899900'),
('2344445555', '33344455566'),
('2540028922', '11133344455'),
('8812345678', '11122233344'),
('3385859999', '36936936933'),
('9912344321', '33433433434'),
('1190901010', '12312312322'),
('2240039999', '23423423433'),
('8567891234', '13513513544'),
('9012347777', '34534534555');